{
  "embedding": {
    "precision": 0.4751333650869254,
    "recall": 1.0,
    "f1": 0.6090111472922274,
    "accuracy": 0.4793438914027149,
    "precision_at_k": 0.5733333333333331,
    "recall_at_k": 0.3391528732705203,
    "top_k": 5,
    "num_questions": 15
  }
}