{
  "keyword_overlap": {
    "precision": 0.542056530214425,
    "recall": 0.8395696460402342,
    "f1": 0.6131327537534434,
    "accuracy": 0.5474132730015083,
    "precision_at_k": 0.52,
    "recall_at_k": 0.2766496901791019,
    "top_k": 5,
    "num_questions": 15
  },
  "tfidf_cosine": {
    "precision": 0.5331435205661212,
    "recall": 0.8573544973544974,
    "f1": 0.6019582726995337,
    "accuracy": 0.5614819004524887,
    "precision_at_k": 0.6133333333333333,
    "recall_at_k": 0.34654868007809186,
    "top_k": 5,
    "num_questions": 15
  }
}