{
  "supervised_classifier": {
    "precision": 0.47267722473604823,
    "recall": 1.0,
    "f1": 0.6065123966675398,
    "accuracy": 0.47267722473604823,
    "precision_at_k": 0.7466666666666666,
    "recall_at_k": 0.49668336021277193,
    "top_k": 5,
    "num_questions": 15,
    "clf_accuracy_dev": 0.6727272727272727,
    "clf_precision_dev": 0.6538461538461539,
    "clf_recall_dev": 0.6538461538461539,
    "clf_f1_dev": 0.6538461538461539
  }
}