question_id,P@5,R@5 (within top20),rel_in_top5,rel_in_top20
q1,0.2,0.09090909090909091,1,11
q10,0.0,0.0,0,2
q11,0.4,0.2857142857142857,2,7
q12,1.0,0.625,5,8
q13,0.6,0.2727272727272727,3,11
q14,0.0,0.0,0,5
q15,0.2,0.25,1,4
q2,0.4,0.125,2,16
q3,0.2,0.5,1,2
q4,0.2,0.3333333333333333,1,3
q5,0.0,0.0,0,5
q6,0.2,0.1111111111111111,1,9
q7,0.0,0.0,0,0
q8,0.2,0.14285714285714285,1,7
q9,0.4,0.3333333333333333,2,6
